Alumi Publication	
Archives	
Ask at Circ	
Butz Campbell Conference Room	Butz; Campbell Conference Room
Career Services	
Curriculum Collection	
DeSales Resource Center NY	
Dooling Education	
Faculty Publications	
General Collection	
Laptop Cabinet	
Main Media	
McFadden Room More	
McFadden Room Salesian	
N/A	
National Security Collection	
Newspaper Area	
Oversize	
Pamphlet	
Periodicals	
Periodicals Microfiche/film	
Popular	
Reference	Reference Area
Reserve Book	
Reserve Media	
Reserve Permanent	
Reserve Photocopy	
Reserve Shelf	
Salesian Center	
Storeroom	
Tech Services	
Walter Kerr	